{
  "project_info": {
    "project_number": "248384652480",
    "project_id": "yahyaapp-e3857",
    "storage_bucket": "yahyaapp-e3857.appspot.com"
  },
  "client": [
    {
      "client_info": {
        "mobilesdk_app_id": "1:248384652480:android:319fbae1527854dbf81925",
        "android_client_info": {
          "package_name": "com.example.yahyaapp"
        }
      },
      "oauth_client": [],
      "api_key": [
        {
          "current_key": "AIzaSyBauwOu_ZftMLrwEl4bvDha26zSP5Xsa4k"
        }
      ],
      "services": {
        "appinvite_service": {
          "other_platform_oauth_client": []
        }
      }
    }
  ],
  "configuration_version": "1"
}